Array Size,Time (Bubble Sort)
50,10,17 54 63 90 127 152 205 206 208 221 227 233 240 249 257 271 280 288 289 293 336 352 355 358 366 402 415 431 437 443 450 460 504 513 513 514 530 547 576 597 658 663 726 752 789 816 833 852 861 891 
100,35,0 5 17 54 63 69 90 93 96 127 136 152 156 163 165 202 205 206 208 221 227 227 233 239 240 249 257 271 280 288 289 293 336 342 352 355 357 358 366 377 382 391 398 402 407 415 431 437 443 448 449 450 460 466 469 471 486 490 504 513 513 514 530 534 547 553 554 576 593 597 609 631 646 653 657 658 663 670 709 714 725 726 752 762 778 786 789 816 833 852 860 861 874 891 894 908 914 953 957 997 
150,73,0 5 6 17 54 63 69 90 93 96 97 102 109 127 136 138 152 156 163 165 178 186 202 205 206 208 221 221 227 227 233 239 240 246 248 248 249 257 270 271 271 277 280 287 288 289 289 293 328 336 341 342 345 345 352 355 357 358 361 366 373 377 379 382 391 398 402 407 415 418 426 431 437 443 448 449 449 450 460 466 469 471 486 490 504 510 513 513 514 524 530 534 547 553 554 555 576 576 576 593 597 609 611 614 631 646 653 657 658 663 670 672 706 709 714 725 726 750 752 755 762 778 786 789 804 816 826 827 833 836 844 845 852 858 860 861 861 874 891 894 908 913 914 921 923 949 953 957 987 997 
200,132,0 5 6 9 17 20 37 48 54 63 69 74 90 93 96 97 102 109 126 127 136 138 152 156 163 165 174 177 178 179 186 193 202 205 206 206 208 221 221 227 227 233 239 240 245 246 248 248 249 257 264 270 271 271 277 280 287 288 289 289 293 295 319 328 336 341 342 345 345 352 355 357 358 361 366 373 377 379 382 391 392 397 398 402 407 415 418 426 431 437 443 443 448 449 449 450 460 466 469 471 482 486 488 490 500 502 504 510 513 513 514 524 530 534 535 536 542 545 547 553 554 555 568 572 576 576 576 576 590 593 597 609 611 614 631 632 646 653 657 658 663 670 670 672 677 682 706 709 714 715 725 726 750 752 755 756 762 772 775 778 781 786 786 789 799 800 804 809 816 823 826 827 833 836 844 845 852 858 860 861 861 874 885 887 891 891 894 908 913 914 917 921 923 949 953 957 960 971 987 997 
250,214,0 5 6 9 17 20 25 26 31 37 48 54 60 63 69 74 90 93 96 97 102 103 106 109 111 126 126 127 136 138 145 147 148 152 156 163 165 174 177 178 179 186 193 196 201 202 205 206 206 208 215 221 221 221 227 227 233 234 239 240 245 246 248 248 249 251 257 264 267 270 271 271 276 277 280 287 288 289 289 293 295 319 319 328 336 341 342 345 345 352 355 357 358 361 366 368 373 377 379 382 391 392 397 398 402 405 407 415 418 421 421 426 431 433 437 443 443 448 449 449 450 451 460 466 469 471 472 478 481 481 482 486 488 490 500 501 502 504 510 513 513 514 524 530 534 535 536 542 544 545 546 547 553 554 555 568 572 573 576 576 576 576 580 590 593 597 600 604 609 611 614 631 632 646 653 657 658 663 670 670 672 677 682 706 709 714 715 725 726 746 750 752 755 756 762 772 773 775 777 778 781 786 786 789 789 795 799 800 804 809 811 816 823 826 827 833 836 844 845 852 858 860 861 861 865 874 882 884 885 887 891 891 894 898 908 913 914 917 921 923 926 927 949 953 957 960 971 979 987 997 
300,290,0 5 6 9 17 20 25 26 27 31 34 37 48 54 60 63 64 69 74 86 90 91 93 96 97 102 103 104 106 109 111 126 126 126 127 136 138 145 147 148 152 156 163 165 169 171 172 174 177 178 179 186 193 196 201 202 204 205 206 206 208 215 221 221 221 227 227 233 234 235 238 239 240 245 246 248 248 249 251 255 257 264 267 270 271 271 276 277 280 287 288 289 289 292 293 295 299 311 319 319 328 336 341 342 345 345 345 352 355 357 358 361 366 368 373 377 379 380 382 383 384 391 392 397 398 402 405 407 415 415 418 421 421 426 431 433 437 443 443 448 449 449 450 451 460 466 469 471 472 478 481 481 482 486 488 490 500 501 502 504 510 513 513 514 524 530 534 535 535 536 542 544 545 546 547 553 554 555 555 568 572 573 576 576 576 576 580 590 593 597 598 600 600 602 604 609 610 611 614 631 632 646 653 657 658 663 670 670 672 677 681 682 685 689 706 709 712 714 715 720 721 725 726 740 746 750 752 755 756 762 772 773 775 777 778 781 784 786 786 787 789 789 792 795 799 800 804 805 808 808 809 811 816 823 826 827 827 833 836 844 845 846 850 852 858 860 861 861 865 870 874 882 884 885 887 891 891 894 894 896 898 908 913 914 917 921 923 926 927 933 946 949 953 957 958 960 971 979 987 997 
350,440,0 5 6 9 17 18 20 25 26 27 31 34 37 48 54 60 63 64 69 69 74 86 90 91 93 96 97 102 103 104 106 109 111 126 126 126 127 136 138 145 147 148 152 156 163 165 169 171 172 174 176 177 178 179 186 193 196 201 202 203 204 205 206 206 208 215 221 221 221 225 226 227 227 233 234 235 238 239 239 240 244 245 246 248 248 249 251 255 257 259 264 267 270 271 271 271 276 277 280 287 288 289 289 292 293 295 299 311 319 319 328 336 341 342 342 345 345 345 350 352 355 357 358 361 362 366 368 373 377 379 380 382 383 384 391 392 397 398 402 405 407 414 415 415 418 421 421 424 426 431 433 437 443 443 448 449 449 450 451 455 460 466 469 471 472 478 481 481 482 485 486 486 488 490 500 501 502 503 504 510 513 513 514 521 524 529 530 534 535 535 536 538 540 541 542 544 545 546 547 547 553 554 555 555 556 568 572 573 575 576 576 576 576 580 590 593 597 597 598 600 600 602 604 609 610 611 614 619 630 631 632 632 635 646 653 657 658 659 663 669 670 670 672 672 677 681 682 685 689 689 690 706 709 712 714 715 720 721 725 726 740 746 750 752 755 756 760 762 772 773 775 777 778 781 784 786 786 787 789 789 792 795 799 800 804 805 808 808 809 811 816 819 823 826 827 827 833 836 844 845 845 846 848 850 851 852 858 860 861 861 865 866 866 870 874 882 883 884 885 887 891 891 894 894 896 898 908 909 913 913 914 917 921 923 926 927 933 938 946 947 949 953 957 958 960 969 971 979 987 997 
400,537,0 5 6 9 16 17 18 20 25 26 27 31 34 37 48 54 60 63 64 69 69 74 86 90 91 93 96 97 100 102 103 104 104 106 109 111 114 126 126 126 127 136 138 145 147 148 152 152 154 156 163 165 167 169 171 172 174 176 177 178 179 184 186 193 196 201 202 203 204 204 205 206 206 208 215 221 221 221 225 226 227 227 233 234 235 238 238 239 239 240 244 245 246 248 248 248 249 251 251 255 257 259 264 264 267 270 271 271 271 276 277 280 287 288 289 289 292 293 295 295 297 299 301 311 319 319 323 328 336 341 342 342 345 345 345 350 352 355 357 358 361 362 364 366 368 373 377 379 380 382 383 384 391 392 392 397 398 402 405 407 414 415 415 418 421 421 424 426 431 433 437 443 443 445 448 449 449 450 451 452 452 455 455 460 466 469 471 472 472 478 479 481 481 482 485 486 486 488 490 500 501 502 503 503 504 510 513 513 514 517 521 524 529 530 534 535 535 536 538 540 541 542 544 545 546 547 547 553 554 555 555 556 568 572 573 575 576 576 576 576 580 590 593 597 597 597 598 600 600 602 604 609 610 611 614 615 619 630 631 632 632 635 646 653 657 658 659 663 669 670 670 670 672 672 677 681 682 685 686 689 689 690 706 709 711 712 714 715 720 721 725 726 740 741 746 750 752 755 756 760 762 768 772 773 775 777 778 779 781 784 786 786 787 788 789 789 791 792 793 795 799 800 804 805 808 808 809 811 816 818 819 823 826 827 827 833 836 844 845 845 846 848 850 851 852 854 858 860 861 861 865 866 866 868 869 870 874 876 882 883 884 885 885 887 890 891 891 894 894 896 898 898 903 904 908 909 913 913 914 917 921 923 923 926 927 933 938 946 947 949 953 957 958 960 969 971 976 979 987 997 
450,765,0 5 6 9 10 14 16 17 18 20 25 26 27 31 34 37 38 48 48 54 58 60 63 64 66 69 69 74 86 90 91 93 96 97 99 100 102 103 104 104 106 109 111 114 126 126 126 127 127 136 138 141 143 145 147 148 152 152 154 156 163 165 167 168 169 171 172 174 176 177 178 179 184 186 186 188 193 196 201 202 203 204 204 205 206 206 208 215 221 221 221 225 226 226 227 227 233 234 235 238 238 239 239 240 244 245 246 248 248 248 249 251 251 255 257 259 264 264 267 267 270 271 271 271 276 277 280 287 288 289 289 292 293 295 295 297 299 301 311 318 319 319 323 328 336 341 342 342 345 345 345 349 350 352 355 357 358 361 362 364 366 368 373 377 379 380 382 383 384 384 387 391 392 392 394 397 398 402 405 407 409 414 415 415 418 421 421 424 426 431 433 437 443 443 445 448 449 449 450 451 452 452 455 455 460 466 466 469 471 472 472 477 478 479 481 481 482 485 486 486 488 490 500 501 502 503 503 503 504 510 513 513 514 517 521 524 529 530 531 534 535 535 536 538 540 541 542 544 545 546 547 547 553 554 555 555 556 568 572 573 575 576 576 576 576 580 583 586 588 590 591 593 597 597 597 598 600 600 602 604 609 610 610 611 614 615 619 630 631 632 632 635 646 653 657 658 659 663 669 670 670 670 672 672 677 681 682 685 686 689 689 690 696 706 709 711 712 713 714 715 715 720 721 725 726 740 741 741 746 750 752 755 756 760 760 762 762 768 772 772 773 773 775 777 778 779 781 782 784 786 786 787 788 789 789 791 792 793 795 799 800 804 805 808 808 809 811 816 818 819 823 826 827 827 829 833 833 836 836 836 843 844 845 845 846 848 850 851 852 854 858 860 861 861 865 866 866 868 869 870 874 876 882 883 884 885 885 887 890 891 891 891 894 894 896 898 898 901 903 904 908 909 913 913 914 917 921 923 923 926 927 933 938 939 941 946 947 949 953 957 958 960 969 971 976 979 980 982 987 997 
500,772,0 5 6 9 10 14 16 17 18 20 25 26 27 31 34 37 38 45 45 48 48 48 54 58 60 63 64 66 69 69 74 86 90 91 93 96 97 99 100 101 102 103 104 104 106 109 111 114 114 126 126 126 127 127 136 137 138 141 143 145 145 146 147 148 152 152 154 156 163 165 167 168 169 171 172 174 176 177 178 179 184 186 186 186 188 193 195 196 201 202 203 204 204 205 206 206 208 215 221 221 221 225 226 226 227 227 231 233 234 235 238 238 239 239 240 244 245 246 248 248 248 249 251 251 255 257 259 264 264 267 267 270 271 271 271 276 277 280 287 288 289 289 289 289 292 293 295 295 297 299 301 311 318 318 319 319 323 328 336 341 342 342 345 345 345 349 350 352 353 355 357 358 361 362 364 366 368 368 373 377 379 380 382 383 383 384 384 387 391 391 392 392 394 397 398 402 404 405 407 409 414 414 415 415 418 421 421 424 426 431 433 437 443 443 445 448 449 449 450 451 452 452 455 455 460 466 466 469 471 472 472 477 478 479 481 481 482 485 486 486 488 490 497 500 501 502 503 503 503 504 510 513 513 514 517 521 524 529 530 531 534 535 535 536 536 538 540 541 541 542 544 545 546 547 547 553 554 555 555 556 568 572 573 575 576 576 576 576 580 583 586 586 588 590 591 593 597 597 597 598 600 600 602 604 609 610 610 610 611 614 615 619 619 630 630 631 632 632 635 636 646 653 657 658 659 663 669 670 670 670 670 671 672 672 677 681 682 685 686 689 689 690 696 706 709 709 711 712 713 714 715 715 717 720 721 723 725 726 729 740 741 741 746 750 752 755 756 760 760 762 762 768 772 772 773 773 773 775 777 778 779 781 782 784 786 786 787 788 789 789 791 792 793 795 799 799 800 804 805 808 808 809 811 811 816 818 819 819 823 826 827 827 829 833 833 836 836 836 843 844 845 845 846 847 848 850 851 852 853 854 854 855 858 860 861 861 865 866 866 868 869 870 874 876 879 879 882 883 884 885 885 887 890 891 891 891 894 894 896 898 898 898 901 903 904 908 909 912 913 913 914 917 921 923 923 926 927 933 938 939 941 946 947 949 953 957 958 960 967 969 971 974 976 979 980 982 987 988 989 997 
550,954,0 5 6 7 9 10 14 16 17 18 20 25 25 26 27 31 34 35 37 38 45 45 48 48 48 53 54 58 60 63 64 66 69 69 74 86 90 91 93 96 97 97 99 100 101 102 103 104 104 106 109 111 114 114 124 126 126 126 127 127 129 136 137 138 141 143 145 145 146 147 148 152 152 154 156 163 165 167 168 169 171 172 174 176 177 178 179 184 186 186 186 188 193 194 195 196 201 202 203 204 204 205 206 206 208 210 215 219 220 221 221 221 225 226 226 227 227 231 233 234 235 238 238 239 239 240 244 245 246 247 248 248 248 249 251 251 255 256 257 259 264 264 264 267 267 270 271 271 271 276 276 277 280 287 288 289 289 289 289 292 293 295 295 297 299 301 311 318 318 319 319 323 328 335 336 338 341 342 342 342 345 345 345 349 350 350 352 353 355 355 357 358 358 361 362 364 366 367 368 368 373 377 378 379 380 382 382 383 383 384 384 387 391 391 392 392 394 397 398 402 404 405 407 409 414 414 415 415 417 418 421 421 424 425 426 431 433 437 443 443 445 448 449 449 450 451 451 452 452 455 455 459 460 464 466 466 469 471 472 472 477 478 479 481 481 482 485 486 486 488 490 497 500 501 502 503 503 503 504 508 510 513 513 514 517 520 521 524 527 529 530 531 534 535 535 536 536 538 540 541 541 542 544 545 546 547 547 553 554 555 555 555 556 568 572 573 575 576 576 576 576 580 583 586 586 588 590 591 593 597 597 597 598 600 600 602 604 604 609 610 610 610 611 614 615 619 619 630 630 631 632 632 635 636 639 646 649 653 657 658 659 663 665 669 670 670 670 670 671 672 672 677 681 682 685 686 688 689 689 690 696 704 706 709 709 711 712 713 714 715 715 717 720 721 723 725 726 729 732 740 741 741 746 750 752 754 755 756 760 760 762 762 768 772 772 773 773 773 775 777 778 779 781 782 784 786 786 787 788 789 789 791 792 793 795 799 799 800 804 805 808 808 809 811 811 816 818 819 819 823 826 827 827 829 833 833 835 836 836 836 843 844 845 845 846 847 848 850 851 852 853 854 854 855 858 860 861 861 865 866 866 868 869 870 870 873 874 876 879 879 882 883 884 885 885 887 887 890 891 891 891 894 894 896 898 898 898 901 903 904 908 908 909 912 913 913 914 917 921 923 923 926 927 933 938 938 939 941 946 947 949 953 953 957 958 960 967 969 971 974 974 976 977 979 980 982 987 988 989 997 
600,1114,0 5 6 7 9 10 10 14 16 17 18 19 20 25 25 26 27 31 34 35 37 38 45 45 48 48 48 53 54 58 60 63 64 64 66 69 69 74 86 90 91 93 96 97 97 99 100 101 102 102 103 104 104 106 109 111 114 114 123 124 126 126 126 127 127 129 129 136 137 138 141 143 145 145 146 147 148 148 152 152 154 154 156 163 165 167 168 169 171 172 174 176 177 178 179 184 186 186 186 188 193 194 195 196 201 202 203 204 204 205 206 206 208 210 214 215 219 220 221 221 221 225 226 226 227 227 231 233 234 235 238 238 239 239 240 244 245 246 247 248 248 248 249 251 251 255 256 257 259 263 264 264 264 267 267 269 270 271 271 271 272 276 276 277 280 287 288 289 289 289 289 292 293 295 295 297 299 301 311 318 318 319 319 323 328 335 336 338 341 342 342 342 345 345 345 345 349 350 350 352 353 355 355 357 358 358 361 362 364 366 367 368 368 373 373 377 378 379 380 382 382 383 383 384 384 387 391 391 392 392 394 397 398 402 404 405 407 409 414 414 415 415 417 418 421 421 424 425 426 428 429 431 433 433 434 437 443 443 445 448 449 449 450 451 451 452 452 452 455 455 455 455 459 460 462 464 466 466 466 469 471 472 472 472 477 478 479 481 481 482 485 486 486 488 490 497 500 501 502 502 502 503 503 503 504 508 510 513 513 514 517 520 521 524 527 528 529 529 530 531 533 534 535 535 536 536 538 540 541 541 542 544 545 546 547 547 552 553 554 555 555 555 556 568 569 572 573 575 576 576 576 576 577 580 583 586 586 586 588 590 591 593 597 597 597 598 600 600 601 602 604 604 609 610 610 610 611 614 615 619 619 630 630 631 632 632 635 636 637 639 641 646 649 649 653 657 658 659 659 663 665 669 670 670 670 670 671 672 672 672 677 678 681 682 685 686 686 688 689 689 690 696 702 703 704 706 709 709 711 712 713 714 715 715 717 720 721 723 725 726 726 729 732 740 741 741 746 750 752 754 755 756 756 760 760 762 762 768 772 772 773 773 773 773 775 777 778 779 781 781 782 784 786 786 787 788 789 789 791 792 793 795 799 799 800 804 805 808 808 809 811 811 816 818 819 819 823 826 827 827 829 833 833 835 836 836 836 843 844 845 845 846 847 848 850 851 852 853 854 854 855 858 860 861 861 865 866 866 868 869 870 870 873 874 876 877 879 879 882 883 884 885 885 887 887 890 891 891 891 894 894 896 898 898 898 901 903 904 904 908 908 909 912 913 913 914 917 921 923 923 926 927 933 938 938 939 941 946 947 949 953 953 957 958 960 962 967 969 971 974 974 976 977 979 980 982 987 988 989 997 
650,1504,0 3 5 6 7 9 10 10 14 15 16 17 18 19 20 22 25 25 26 27 31 34 34 35 37 38 45 45 48 48 48 53 54 56 57 58 60 63 63 64 64 66 69 69 74 86 90 91 93 96 97 97 99 100 101 102 102 103 104 104 106 109 111 113 114 114 115 123 124 126 126 126 127 127 129 129 136 137 138 141 143 145 145 146 147 148 148 152 152 152 154 154 156 163 165 166 167 168 169 171 172 174 176 177 178 179 184 186 186 186 188 193 194 195 196 201 202 203 204 204 205 206 206 208 210 214 215 219 219 220 221 221 221 225 226 226 227 227 231 233 234 235 238 238 239 239 240 242 244 245 246 247 248 248 248 249 251 251 255 255 256 257 259 263 264 264 264 265 267 267 269 270 271 271 271 272 276 276 277 280 287 288 289 289 289 289 292 293 295 295 297 299 301 311 318 318 318 319 319 323 328 329 335 336 338 341 342 342 342 343 345 345 345 345 349 350 350 352 353 355 355 357 358 358 361 362 364 366 367 368 368 373 373 374 377 378 378 379 380 382 382 383 383 384 384 387 391 391 392 392 394 397 398 402 404 405 407 409 414 414 415 415 417 418 421 421 424 425 426 428 429 431 433 433 434 437 443 443 445 448 449 449 450 451 451 452 452 452 455 455 455 455 457 459 460 462 463 464 466 466 466 469 471 472 472 472 477 478 479 479 481 481 482 485 486 486 488 490 495 497 498 500 501 501 502 502 502 502 503 503 503 504 508 510 511 513 513 514 514 517 520 521 524 527 528 529 529 530 531 533 534 535 535 536 536 538 540 541 541 542 544 545 546 547 547 548 552 553 554 555 555 555 556 568 569 572 573 575 576 576 576 576 577 580 583 586 586 586 588 590 591 593 597 597 597 598 600 600 601 602 604 604 609 610 610 610 611 614 615 619 619 630 630 631 632 632 635 636 637 639 641 644 646 649 649 653 657 658 659 659 663 664 665 669 670 670 670 670 671 672 672 672 677 678 681 682 685 686 686 688 689 689 690 696 699 699 702 703 704 706 709 709 711 712 713 714 715 715 717 720 721 723 725 726 726 727 729 732 740 740 741 741 741 746 747 750 752 754 755 756 756 760 760 762 762 763 766 768 772 772 773 773 773 773 775 777 778 779 781 781 782 784 786 786 787 788 789 789 791 792 793 795 799 799 800 804 805 805 808 808 808 809 811 811 816 818 818 819 819 823 826 827 827 829 833 833 835 836 836 836 843 844 845 845 846 847 848 850 851 852 853 854 854 855 858 860 860 861 861 865 866 866 868 869 870 870 873 874 876 877 879 879 882 883 884 885 885 887 887 890 890 891 891 891 894 894 894 896 898 898 898 901 903 904 904 908 908 909 912 913 913 914 917 921 923 923 924 926 927 933 938 938 939 941 946 947 949 953 953 957 958 959 960 961 962 965 967 969 971 974 974 976 977 979 980 982 987 988 989 997 
700,1548,0 1 3 5 6 7 9 9 10 10 14 15 16 17 18 19 20 22 25 25 26 27 31 34 34 35 37 38 45 45 48 48 48 53 54 56 57 58 58 60 63 63 64 64 66 66 69 69 74 85 86 90 91 93 96 97 97 99 100 101 102 102 103 104 104 106 109 111 113 114 114 115 123 124 126 126 126 127 127 129 129 136 136 137 138 141 141 143 145 145 146 147 148 148 148 152 152 152 154 154 156 161 163 165 165 166 167 168 168 169 171 172 174 176 176 176 177 178 179 184 186 186 186 188 193 194 195 195 196 201 202 203 204 204 205 206 206 208 210 214 215 219 219 220 221 221 221 225 226 226 226 227 227 231 233 234 235 238 238 239 239 240 242 244 244 245 246 247 248 248 248 249 251 251 255 255 255 256 257 259 263 264 264 264 265 267 267 269 270 270 271 271 271 272 276 276 277 280 284 287 288 289 289 289 289 292 293 295 295 297 299 301 301 311 318 318 318 319 319 323 328 328 329 329 331 335 336 338 341 342 342 342 342 343 345 345 345 345 349 350 350 352 353 355 355 357 358 358 361 362 364 366 367 368 368 373 373 374 377 378 378 379 380 382 382 383 383 384 384 387 391 391 392 392 394 397 398 402 404 405 407 409 414 414 415 415 417 418 420 421 421 424 425 426 428 429 431 433 433 434 437 443 443 445 448 449 449 450 451 451 452 452 452 455 455 455 455 457 459 460 462 463 463 464 466 466 466 469 471 472 472 472 473 477 478 479 479 481 481 482 485 486 486 488 490 491 493 495 497 498 500 501 501 502 502 502 502 503 503 503 504 508 510 511 513 513 514 514 517 517 520 521 524 527 528 529 529 530 531 533 534 535 535 536 536 538 540 541 541 542 544 545 546 547 547 547 548 552 553 554 555 555 555 556 568 569 572 573 575 576 576 576 576 577 580 583 586 586 586 588 590 591 593 597 597 597 598 600 600 601 602 604 604 609 610 610 610 611 614 615 615 619 619 622 628 630 630 631 632 632 635 636 637 639 641 641 644 646 649 649 653 657 658 659 659 660 663 664 665 668 669 670 670 670 670 671 672 672 672 677 678 681 682 685 686 686 688 689 689 690 696 699 699 702 703 704 706 709 709 711 712 713 714 715 715 717 720 721 721 723 725 726 726 727 729 732 733 740 740 741 741 741 746 747 750 752 754 755 756 756 760 760 762 762 763 766 768 772 772 773 773 773 773 775 777 778 779 781 781 782 784 786 786 787 788 788 789 789 791 792 793 795 799 799 800 800 804 805 805 808 808 808 809 811 811 816 818 818 819 819 823 826 827 827 829 833 833 835 836 836 836 838 843 844 845 845 846 847 848 850 851 852 853 854 854 855 858 860 860 861 861 865 866 866 868 869 870 870 871 873 874 876 877 877 877 879 879 882 883 884 885 885 887 887 890 890 891 891 891 894 894 894 896 898 898 898 900 901 903 904 904 908 908 909 911 912 913 913 914 915 917 921 923 923 924 926 927 933 938 938 939 939 941 943 946 947 949 953 953 957 958 959 960 961 962 965 967 969 971 974 974 976 977 979 980 982 987 988 989 997 
750,1754,0 1 3 5 6 7 9 9 10 10 14 15 16 17 18 19 20 22 25 25 26 27 27 31 34 34 35 37 38 45 45 48 48 48 53 54 56 57 58 58 60 63 63 64 64 66 66 69 69 74 85 86 90 91 93 96 97 97 97 99 100 101 102 102 103 104 104 105 106 109 109 111 112 113 114 114 115 119 123 124 126 126 126 127 127 129 129 131 136 136 137 138 141 141 143 145 145 146 147 148 148 148 152 152 152 154 154 154 156 161 161 163 164 165 165 165 166 167 168 168 169 169 171 172 173 173 174 176 176 176 177 178 179 184 186 186 186 188 193 194 195 195 196 201 202 203 204 204 205 206 206 208 210 214 215 219 219 220 221 221 221 225 226 226 226 227 227 231 233 234 235 238 238 239 239 240 242 244 244 245 246 247 248 248 248 249 251 251 255 255 255 256 257 259 263 264 264 264 265 267 267 269 270 270 271 271 271 272 275 276 276 277 280 284 287 288 289 289 289 289 292 293 295 295 297 299 301 301 311 318 318 318 319 319 320 323 328 328 329 329 331 332 335 336 338 341 342 342 342 342 343 345 345 345 345 346 349 350 350 352 353 355 355 357 358 358 361 362 364 366 367 368 368 373 373 374 377 378 378 379 380 382 382 383 383 384 384 387 391 391 392 392 394 397 398 402 404 405 407 409 414 414 414 415 415 417 418 420 421 421 424 425 426 426 428 429 431 433 433 434 437 443 443 445 448 449 449 450 451 451 452 452 452 455 455 455 455 457 459 460 462 463 463 464 466 466 466 469 470 471 472 472 472 473 477 478 479 479 481 481 482 485 486 486 488 490 491 493 495 496 497 498 500 501 501 502 502 502 502 503 503 503 504 508 510 511 513 513 514 514 517 517 520 521 524 527 528 529 529 530 530 531 533 534 535 535 536 536 538 540 541 541 541 542 543 544 545 546 547 547 547 548 552 553 554 555 555 555 556 568 569 572 573 575 575 576 576 576 576 577 580 583 586 586 586 588 590 591 593 597 597 597 598 600 600 601 602 604 604 609 610 610 610 611 614 615 615 619 619 620 622 622 628 630 630 631 632 632 635 636 637 639 640 640 641 641 644 646 649 649 653 657 658 658 659 659 660 663 664 664 665 668 669 670 670 670 670 671 672 672 672 677 678 681 682 685 686 686 688 689 689 690 691 696 696 699 699 702 703 704 706 709 709 711 712 713 714 715 715 716 717 720 721 721 721 723 723 725 726 726 726 727 729 732 733 740 740 741 741 741 742 746 746 747 750 752 754 755 756 756 760 760 762 762 763 766 768 772 772 773 773 773 773 775 777 778 779 781 781 782 784 786 786 787 788 788 789 789 791 792 793 795 799 799 800 800 804 805 805 805 808 808 808 809 811 811 816 818 818 819 819 823 826 827 827 829 833 833 833 835 836 836 836 838 841 843 844 845 845 846 847 848 850 851 852 853 854 854 855 858 860 860 861 861 861 865 865 866 866 868 869 870 870 871 873 874 876 877 877 877 879 879 882 883 884 885 885 887 887 890 890 891 891 891 894 894 894 896 898 898 898 900 900 901 903 904 904 908 908 909 911 912 913 913 914 914 915 916 917 921 921 923 923 924 926 927 933 938 938 939 939 941 943 946 947 949 953 953 957 958 959 960 961 962 965 967 969 971 974 974 976 977 979 980 982 987 988 989 993 997 
800,2004,0 1 3 5 6 7 9 9 10 10 11 14 15 16 17 18 19 20 22 25 25 26 27 27 31 34 34 35 37 38 42 45 45 48 48 48 48 52 53 54 56 57 58 58 60 63 63 64 64 65 66 66 69 69 74 85 86 90 91 91 93 94 96 97 97 97 99 100 101 102 102 103 104 104 105 106 109 109 111 112 113 114 114 115 119 123 124 126 126 126 127 127 129 129 131 135 136 136 136 137 138 138 141 141 141 143 145 145 146 147 148 148 148 151 152 152 152 154 154 154 156 157 161 161 163 164 165 165 165 166 167 168 168 169 169 169 171 172 173 173 174 176 176 176 177 178 179 184 186 186 186 188 189 193 194 195 195 196 199 201 202 203 204 204 205 206 206 208 210 212 214 215 219 219 220 221 221 221 225 226 226 226 227 227 231 233 234 235 238 238 239 239 240 242 244 244 245 246 247 248 248 248 249 251 251 255 255 255 256 257 259 263 264 264 264 265 267 267 269 270 270 271 271 271 272 275 276 276 277 280 284 287 288 289 289 289 289 292 293 295 295 296 297 299 301 301 311 318 318 318 319 319 320 322 323 328 328 329 329 331 332 335 336 338 341 342 342 342 342 343 344 345 345 345 345 346 349 350 350 352 353 355 355 357 358 358 361 362 363 364 365 366 367 367 368 368 373 373 374 377 378 378 379 380 382 382 383 383 384 384 387 391 391 392 392 394 397 398 402 404 404 405 407 409 414 414 414 415 415 417 418 418 420 421 421 424 425 426 426 428 429 431 433 433 434 435 437 440 443 443 445 448 449 449 450 451 451 452 452 452 455 455 455 455 457 457 459 459 460 461 462 462 463 463 464 466 466 466 469 470 471 472 472 472 473 477 478 479 479 481 481 482 485 486 486 488 490 491 493 495 496 497 498 500 501 501 502 502 502 502 503 503 503 504 508 510 511 513 513 514 514 517 517 520 521 524 527 528 529 529 530 530 531 531 533 534 535 535 536 536 538 540 541 541 541 542 543 544 545 546 547 547 547 548 552 553 554 555 555 555 556 560 568 569 569 572 573 573 575 575 576 576 576 576 577 580 582 583 584 586 586 586 588 590 591 593 597 597 597 598 600 600 601 602 604 604 609 610 610 610 611 614 615 615 619 619 620 622 622 628 630 630 631 632 632 635 636 637 639 640 640 641 641 644 646 649 649 653 657 657 658 658 659 659 660 660 663 664 664 665 668 669 670 670 670 670 671 672 672 672 677 678 681 682 685 686 686 688 689 689 690 691 694 695 696 696 699 699 702 703 704 706 709 709 711 712 713 714 715 715 716 717 720 721 721 721 723 723 725 726 726 726 727 729 732 733 740 740 741 741 741 742 746 746 747 750 752 754 755 756 756 760 760 762 762 763 766 768 772 772 773 773 773 773 775 777 777 778 779 781 781 782 784 786 786 787 788 788 789 789 790 791 792 793 795 797 799 799 800 800 804 805 805 805 808 808 808 809 811 811 816 818 818 819 819 823 826 827 827 829 833 833 833 835 836 836 836 838 838 841 843 844 845 845 845 846 847 848 850 851 852 853 854 854 855 858 860 860 861 861 861 865 865 866 866 868 869 870 870 871 872 873 874 876 877 877 877 879 879 882 883 884 885 885 887 887 890 890 891 891 891 894 894 894 896 898 898 898 900 900 901 903 904 904 908 908 909 911 912 913 913 914 914 915 916 917 921 921 923 923 924 926 927 933 938 938 939 939 941 943 946 947 948 949 953 953 955 957 958 959 960 961 962 965 967 969 971 974 974 976 977 979 980 982 987 988 989 993 996 997 
850,2335,0 0 1 2 3 5 6 7 9 9 10 10 11 14 15 16 17 18 19 20 22 25 25 26 27 27 31 34 34 35 37 38 40 42 45 45 48 48 48 48 52 53 54 56 57 58 58 60 63 63 64 64 65 66 66 69 69 74 85 86 86 89 90 91 91 93 94 96 97 97 97 97 99 100 101 102 102 103 103 104 104 105 106 106 109 109 109 111 112 113 114 114 115 119 123 124 124 126 126 126 127 127 127 129 129 131 135 136 136 136 137 138 138 141 141 141 143 143 145 145 146 147 148 148 148 151 152 152 152 154 154 154 156 157 161 161 163 164 165 165 165 166 167 168 168 169 169 169 171 171 172 172 173 173 174 175 176 176 176 177 178 179 184 186 186 186 188 189 193 194 195 195 196 199 201 202 203 204 204 205 206 206 208 210 212 214 215 219 219 220 221 221 221 225 226 226 226 227 227 231 233 234 235 238 238 239 239 240 242 244 244 245 246 247 248 248 248 249 251 251 255 255 255 256 257 259 263 264 264 264 265 267 267 269 270 270 271 271 271 272 275 276 276 277 280 284 286 287 288 289 289 289 289 289 292 293 295 295 296 297 299 301 301 304 311 318 318 318 319 319 320 321 322 323 327 328 328 329 329 331 332 333 335 336 338 341 341 342 342 342 342 343 344 345 345 345 345 346 349 349 350 350 352 353 355 355 357 358 358 361 362 363 364 365 366 367 367 368 368 373 373 374 377 378 378 379 380 380 382 382 383 383 384 384 387 391 391 392 392 394 397 398 402 404 404 405 407 409 414 414 414 415 415 417 418 418 420 420 421 421 424 425 426 426 428 429 429 431 433 433 434 435 437 440 443 443 445 448 449 449 450 451 451 452 452 452 455 455 455 455 457 457 459 459 460 461 462 462 463 463 464 466 466 466 469 470 471 472 472 472 472 473 477 478 479 479 481 481 482 485 486 486 488 490 490 491 493 495 496 497 497 498 500 501 501 502 502 502 502 503 503 503 504 508 510 511 512 513 513 514 514 517 517 520 521 524 527 528 529 529 530 530 531 531 533 534 535 535 536 536 538 539 540 541 541 541 542 543 544 545 546 547 547 547 548 552 553 554 555 555 555 556 560 568 569 569 572 573 573 575 575 576 576 576 576 577 577 580 582 583 584 586 586 586 588 590 591 593 596 597 597 597 598 600 600 601 602 604 604 609 610 610 610 611 614 615 615 619 619 620 622 622 628 630 630 631 631 632 632 635 636 637 639 640 640 641 641 642 644 646 649 649 651 652 653 657 657 658 658 659 659 660 660 663 664 664 665 668 669 670 670 670 670 671 672 672 672 677 678 681 682 685 686 686 688 689 689 690 691 694 695 696 696 699 699 702 703 704 706 709 709 711 712 713 714 715 715 716 717 720 721 721 721 723 723 725 726 726 726 727 729 732 733 740 740 741 741 741 742 746 746 747 750 752 754 755 756 756 760 760 762 762 763 766 768 768 772 772 773 773 773 773 775 777 777 778 779 781 781 782 784 786 786 787 788 788 789 789 790 791 792 793 795 797 799 799 800 800 804 805 805 805 808 808 808 809 809 811 811 816 818 818 819 819 823 826 827 827 829 833 833 833 835 836 836 836 838 838 841 843 844 845 845 845 846 847 848 850 851 852 853 854 854 855 858 860 860 861 861 861 865 865 866 866 868 869 870 870 871 872 873 874 876 877 877 877 877 879 879 882 882 883 884 885 885 885 887 887 890 890 891 891 891 893 894 894 894 896 898 898 898 900 900 901 901 903 904 904 908 908 909 911 911 912 913 913 914 914 915 916 917 921 921 923 923 924 924 926 927 933 938 938 939 939 941 943 944 946 947 948 949 950 952 953 953 955 956 957 958 959 960 961 962 965 967 969 971 974 974 976 977 979 980 982 987 988 989 993 996 997 
900,2593,0 0 1 2 3 5 6 7 9 9 10 10 11 14 15 16 17 18 19 19 20 22 25 25 26 27 27 27 31 34 34 35 37 38 40 42 45 45 46 47 48 48 48 48 52 53 54 56 57 58 58 60 63 63 64 64 65 66 66 69 69 74 85 86 86 89 90 91 91 93 94 96 97 97 97 97 99 100 101 102 102 103 103 104 104 105 106 106 108 109 109 109 111 112 113 114 114 115 118 119 123 124 124 126 126 126 127 127 127 129 129 131 135 136 136 136 137 138 138 141 141 141 143 143 145 145 146 147 148 148 148 151 152 152 152 154 154 154 156 157 161 161 163 164 165 165 165 166 167 168 168 169 169 169 171 171 172 172 173 173 174 175 176 176 176 177 178 179 184 186 186 186 188 189 193 194 195 195 196 199 200 201 202 202 203 204 204 205 206 206 208 210 210 212 214 215 219 219 220 221 221 221 225 226 226 226 227 227 231 233 234 235 238 238 239 239 240 242 242 244 244 245 246 247 248 248 248 249 251 251 255 255 255 256 257 259 263 264 264 264 265 267 267 269 270 270 271 271 271 272 275 276 276 277 280 284 286 287 288 289 289 289 289 289 292 293 295 295 296 297 299 301 301 304 307 311 314 318 318 318 319 319 320 321 322 323 327 328 328 329 329 331 332 333 335 336 338 341 341 342 342 342 342 343 344 345 345 345 345 346 346 349 349 350 350 352 353 355 355 357 358 358 361 362 363 364 365 366 367 367 368 368 373 373 374 377 378 378 379 380 380 382 382 383 383 384 384 384 385 387 391 391 392 392 394 397 398 402 404 404 405 407 409 414 414 414 415 415 417 418 418 420 420 421 421 424 425 426 426 428 429 429 431 433 433 434 435 437 440 442 443 443 445 448 449 449 450 451 451 452 452 452 455 455 455 455 457 457 459 459 460 461 462 462 463 463 464 466 466 466 469 469 470 471 472 472 472 472 473 477 478 479 479 481 481 482 485 486 486 488 490 490 491 491 491 493 494 495 496 497 497 498 500 501 501 502 502 502 502 503 503 503 504 508 510 511 512 513 513 514 514 515 517 517 520 521 524 527 528 529 529 530 530 531 531 533 534 535 535 536 536 538 539 540 540 541 541 541 542 543 544 545 546 547 547 547 548 549 552 553 554 555 555 555 556 560 566 567 568 569 569 572 573 573 575 575 576 576 576 576 577 577 580 582 582 583 584 586 586 586 588 590 591 593 596 597 597 597 598 600 600 600 601 602 604 604 609 610 610 610 611 614 615 615 617 619 619 620 622 622 626 628 629 630 630 631 631 632 632 635 636 637 638 639 640 640 641 641 642 644 645 646 649 649 651 652 653 657 657 658 658 659 659 660 660 663 664 664 665 668 669 670 670 670 670 670 671 672 672 672 677 678 678 681 682 683 685 686 686 686 688 689 689 690 691 694 695 696 696 699 699 702 703 704 706 706 709 709 711 712 713 714 715 715 716 717 720 721 721 721 723 723 725 726 726 726 727 728 729 732 733 740 740 741 741 741 742 746 746 747 750 752 754 755 756 756 760 760 760 762 762 763 766 768 768 772 772 773 773 773 773 775 777 777 778 779 781 781 781 782 784 786 786 787 788 788 789 789 790 791 792 792 793 795 797 799 799 800 800 804 805 805 805 808 808 808 809 809 811 811 816 818 818 819 819 821 823 826 827 827 829 833 833 833 835 836 836 836 838 838 841 843 844 845 845 845 846 847 848 850 851 852 853 854 854 855 858 860 860 861 861 861 865 865 866 866 868 869 870 870 871 872 873 874 876 877 877 877 877 879 879 882 882 883 884 885 885 885 887 887 888 890 890 891 891 891 893 894 894 894 896 898 898 898 898 900 900 901 901 903 904 904 907 908 908 908 909 911 911 912 913 913 914 914 915 916 917 921 921 923 923 924 924 926 927 933 938 938 939 939 939 941 941 943 943 944 946 947 948 949 950 952 953 953 955 956 957 958 959 960 961 962 965 967 969 971 971 974 974 976 977 979 980 982 987 988 989 993 996 997 
950,2850,0 0 1 2 3 3 5 6 7 9 9 10 10 11 14 15 16 17 18 19 19 20 22 25 25 26 27 27 27 31 34 34 35 37 38 40 40 42 45 45 46 47 48 48 48 48 52 53 54 56 57 58 58 60 63 63 64 64 65 66 66 69 69 69 74 85 86 86 89 90 91 91 91 93 94 96 97 97 97 97 99 100 101 102 102 103 103 104 104 105 106 106 108 109 109 109 111 112 113 114 114 115 118 119 123 124 124 126 126 126 127 127 127 129 129 131 135 136 136 136 136 137 138 138 141 141 141 143 143 143 145 145 146 147 148 148 148 150 151 152 152 152 154 154 154 156 157 161 161 163 163 164 165 165 165 166 167 168 168 169 169 169 171 171 172 172 173 173 174 175 176 176 176 176 177 178 179 184 186 186 186 188 189 193 194 195 195 195 196 199 200 201 202 202 203 204 204 205 206 206 207 208 210 210 212 214 215 219 219 220 221 221 221 223 225 226 226 226 227 227 231 233 234 235 238 238 239 239 240 242 242 244 244 245 246 247 248 248 248 249 251 251 255 255 255 256 257 259 263 264 264 264 265 267 267 269 270 270 271 271 271 272 273 275 276 276 277 280 284 286 287 288 288 289 289 289 289 289 292 293 295 295 296 297 299 301 301 304 307 311 314 317 318 318 318 319 319 320 321 322 323 327 328 328 329 329 331 331 332 333 335 336 337 338 341 341 342 342 342 342 343 344 345 345 345 345 346 346 349 349 350 350 352 353 353 355 355 357 358 358 359 361 362 363 364 365 366 367 367 368 368 373 373 374 377 378 378 379 380 380 382 382 383 383 384 384 384 385 387 391 391 392 392 394 397 398 402 404 404 405 407 409 413 414 414 414 415 415 417 418 418 420 420 421 421 424 425 426 426 428 429 429 431 433 433 434 435 437 440 442 443 443 445 448 449 449 450 451 451 452 452 452 455 455 455 455 457 457 459 459 459 460 461 462 462 463 463 464 466 466 466 469 469 470 471 472 472 472 472 473 477 477 478 479 479 481 481 482 485 486 486 488 490 490 491 491 491 491 493 494 495 496 497 497 498 500 501 501 502 502 502 502 503 503 503 504 508 510 511 512 513 513 514 514 515 517 517 520 521 524 527 528 529 529 530 530 531 531 533 534 535 535 536 536 538 539 540 540 541 541 541 542 543 544 545 546 547 547 547 548 548 549 552 553 554 555 555 555 556 560 566 567 568 569 569 572 572 573 573 575 575 576 576 576 576 577 577 580 582 582 583 584 586 586 586 588 590 591 593 596 597 597 597 598 600 600 600 601 602 604 604 607 609 610 610 610 611 613 614 615 615 617 619 619 620 622 622 626 628 629 630 630 631 631 632 632 635 636 636 637 638 638 639 640 640 641 641 642 644 645 646 646 649 649 651 652 653 656 657 657 658 658 659 659 660 660 663 664 664 665 668 669 670 670 670 670 670 670 671 672 672 672 675 677 678 678 681 682 683 685 686 686 686 688 689 689 690 691 694 695 696 696 699 699 702 703 704 706 706 709 709 711 712 713 714 715 715 716 717 720 721 721 721 723 723 725 726 726 726 727 727 728 729 732 733 740 740 741 741 741 742 743 746 746 747 750 752 754 755 756 756 760 760 760 762 762 763 764 766 766 768 768 771 772 772 773 773 773 773 775 777 777 778 779 781 781 781 782 783 784 786 786 787 788 788 789 789 790 790 791 792 792 793 795 797 799 799 800 800 802 804 805 805 805 808 808 808 809 809 811 811 816 818 818 818 819 819 821 823 826 827 827 828 829 830 831 833 833 833 835 836 836 836 838 838 841 843 844 845 845 845 846 847 848 850 851 852 853 854 854 855 858 860 860 861 861 861 865 865 866 866 868 869 870 870 871 872 873 874 876 877 877 877 877 878 879 879 879 882 882 882 883 884 885 885 885 887 887 888 890 890 891 891 891 893 894 894 894 896 898 898 898 898 900 900 901 901 903 904 904 907 908 908 908 909 911 911 912 913 913 914 914 915 916 917 921 921 923 923 924 924 926 927 933 938 938 939 939 939 939 941 941 943 943 944 946 947 948 949 950 952 953 953 955 956 957 958 959 960 961 962 962 965 967 969 971 971 974 974 976 977 979 980 982 987 988 989 993 996 997 
1000,3182,0 0 0 1 2 3 3 5 6 7 9 9 10 10 11 11 14 15 16 17 18 19 19 20 22 25 25 26 27 27 27 30 31 33 34 34 35 37 38 40 40 42 45 45 46 47 48 48 48 48 52 53 54 56 57 58 58 59 60 63 63 64 64 65 66 66 69 69 69 72 74 85 86 86 89 90 91 91 91 93 94 96 97 97 97 97 99 100 101 102 102 103 103 104 104 105 106 106 107 108 109 109 109 111 112 113 114 114 115 117 118 119 121 123 124 124 124 126 126 126 127 127 127 129 129 131 135 136 136 136 136 137 138 138 141 141 141 143 143 143 145 145 146 147 148 148 148 150 151 152 152 152 154 154 154 156 157 161 161 163 163 164 165 165 165 166 167 168 168 169 169 169 169 171 171 172 172 173 173 174 175 176 176 176 176 177 178 179 184 186 186 186 188 189 193 194 195 195 195 195 196 199 200 201 202 202 203 203 204 204 205 206 206 207 208 210 210 212 214 214 215 217 219 219 220 221 221 221 223 225 226 226 226 227 227 231 233 234 235 235 238 238 239 239 240 242 242 244 244 245 246 247 248 248 248 249 251 251 252 255 255 255 256 257 259 263 264 264 264 265 265 267 267 269 269 270 270 271 271 271 272 273 275 276 276 277 280 284 286 287 288 288 289 289 289 289 289 292 293 295 295 296 297 299 301 301 304 307 308 311 313 314 317 318 318 318 319 319 320 320 321 322 323 323 323 327 328 328 329 329 331 331 331 332 333 335 336 337 338 341 341 342 342 342 342 343 344 345 345 345 345 346 346 349 349 350 350 352 353 353 355 355 356 357 358 358 359 359 361 362 363 363 364 365 366 367 367 368 368 373 373 374 377 378 378 379 380 380 382 382 383 383 384 384 384 385 387 391 391 392 392 394 397 398 399 402 404 404 405 407 409 413 414 414 414 415 415 417 418 418 420 420 421 421 424 425 426 426 428 429 429 431 433 433 434 435 437 440 442 443 443 445 448 449 449 450 451 451 452 452 452 455 455 455 455 457 457 459 459 459 460 461 462 462 463 463 464 466 466 466 469 469 470 471 472 472 472 472 473 477 477 478 479 479 481 481 482 485 486 486 488 490 490 491 491 491 491 493 494 495 496 497 497 498 500 501 501 502 502 502 502 503 503 503 504 508 510 511 512 513 513 514 514 515 517 517 520 521 524 524 527 528 529 529 530 530 531 531 532 533 534 535 535 536 536 538 539 540 540 541 541 541 542 543 543 544 545 546 547 547 547 548 548 549 549 552 553 554 555 555 555 556 560 566 567 568 569 569 572 572 573 573 573 575 575 576 576 576 576 577 577 580 582 582 583 584 584 586 586 586 588 590 590 591 593 596 597 597 597 598 600 600 600 601 602 604 604 607 609 610 610 610 611 613 614 615 615 617 619 619 620 622 622 626 628 629 630 630 631 631 632 632 635 636 636 637 638 638 639 640 640 641 641 642 644 645 646 646 649 649 651 652 653 656 657 657 658 658 659 659 660 660 663 664 664 665 668 669 670 670 670 670 670 670 671 672 672 672 675 677 678 678 681 682 683 685 686 686 686 688 689 689 690 691 694 695 695 695 696 696 699 699 702 703 704 706 706 709 709 711 712 713 714 715 715 716 717 720 721 721 721 723 723 725 726 726 726 726 727 727 728 729 732 733 739 740 740 741 741 741 742 743 746 746 747 750 752 754 755 755 756 756 760 760 760 762 762 763 764 766 766 768 768 771 772 772 772 773 773 773 773 775 777 777 778 779 781 781 781 782 783 784 786 786 787 788 788 789 789 790 790 791 792 792 793 795 797 799 799 800 800 802 804 805 805 805 808 808 808 809 809 811 811 816 818 818 818 818 819 819 821 821 823 826 827 827 828 829 830 831 833 833 833 835 836 836 836 838 838 841 843 844 845 845 845 846 847 848 850 851 852 852 853 854 854 855 856 858 860 860 861 861 861 864 865 865 866 866 868 869 870 870 871 872 873 874 876 877 877 877 877 878 879 879 879 882 882 882 883 884 885 885 885 887 887 888 890 890 891 891 891 893 894 894 894 896 898 898 898 898 900 900 901 901 903 904 904 907 907 908 908 908 909 911 911 912 913 913 914 914 915 916 917 921 921 923 923 924 924 926 927 933 938 938 939 939 939 939 941 941 943 943 944 946 947 948 949 950 952 953 953 953 955 956 957 958 959 960 961 962 962 965 967 969 970 971 971 974 974 976 977 979 980 982 987 988 989 993 996 997 
